<?xml version="1.0" encoding="UTF-8"?>
<con:soapui-project id="c773003a-3729-429f-b02a-cac2f2a6c0ab" activeEnvironment="Default" name="CountryInfoService" soapui-version="5.5.0" abortOnError="false" runType="SEQUENTIAL" resourceRoot="${projectDir}" xmlns:con="http://eviware.com/soapui/config"><con:settings/><con:interface xsi:type="con:WsdlInterface" id="3f1550cb-d175-4671-98b8-7ce77d4accfc" wsaVersion="NONE" name="CountryInfoServiceSoapBinding" type="wsdl" bindingName="{http://www.oorsprong.org/websamples.countryinfo}CountryInfoServiceSoapBinding" soapVersion="1_1" anonymous="optional" definition="http://webservices.oorsprong.org/websamples.countryinfo/CountryInfoService.wso?wsdl" xmlns:xsi="http://www.w3.org/2001/XMLSchema-instance"><con:settings/><con:definitionCache type="TEXT" rootPart="http://webservices.oorsprong.org/websamples.countryinfo/CountryInfoService.wso?wsdl"><con:part><con:url>http://webservices.oorsprong.org/websamples.countryinfo/CountryInfoService.wso?wsdl</con:url><con:content><![CDATA[<definitions name="CountryInfoService" targetNamespace="http://www.oorsprong.org/websamples.countryinfo" xmlns="http://schemas.xmlsoap.org/wsdl/" xmlns:xs="http://www.w3.org/2001/XMLSchema" xmlns:soap="http://schemas.xmlsoap.org/wsdl/soap/" xmlns:soap12="http://schemas.xmlsoap.org/wsdl/soap12/" xmlns:tns="http://www.oorsprong.org/websamples.countryinfo">
  <types>
    <xs:schema elementFormDefault="qualified" targetNamespace="http://www.oorsprong.org/websamples.countryinfo">
      <xs:complexType name="tContinent">
        <xs:sequence>
          <xs:element name="sCode" type="xs:string"/>
          <xs:element name="sName" type="xs:string"/>
        </xs:sequence>
      </xs:complexType>
      <xs:complexType name="tCurrency">
        <xs:sequence>
          <xs:element name="sISOCode" type="xs:string"/>
          <xs:element name="sName" type="xs:string"/>
        </xs:sequence>
      </xs:complexType>
      <xs:complexType name="tCountryCodeAndName">
        <xs:sequence>
          <xs:element name="sISOCode" type="xs:string"/>
          <xs:element name="sName" type="xs:string"/>
        </xs:sequence>
      </xs:complexType>
      <xs:complexType name="tCountryCodeAndNameGroupedByContinent">
        <xs:sequence>
          <xs:element name="Continent" type="tns:tContinent"/>
          <xs:element name="CountryCodeAndNames" type="tns:ArrayOftCountryCodeAndName"/>
        </xs:sequence>
      </xs:complexType>
      <xs:complexType name="tCountryInfo">
        <xs:sequence>
          <xs:element name="sISOCode" type="xs:string"/>
          <xs:element name="sName" type="xs:string"/>
          <xs:element name="sCapitalCity" type="xs:string"/>
          <xs:element name="sPhoneCode" type="xs:string"/>
          <xs:element name="sContinentCode" type="xs:string"/>
          <xs:element name="sCurrencyISOCode" type="xs:string"/>
          <xs:element name="sCountryFlag" type="xs:string"/>
          <xs:element name="Languages" type="tns:ArrayOftLanguage"/>
        </xs:sequence>
      </xs:complexType>
      <xs:complexType name="tLanguage">
        <xs:sequence>
          <xs:element name="sISOCode" type="xs:string"/>
          <xs:element name="sName" type="xs:string"/>
        </xs:sequence>
      </xs:complexType>
      <xs:complexType name="ArrayOftCountryCodeAndName">
        <xs:sequence>
          <xs:element name="tCountryCodeAndName" type="tns:tCountryCodeAndName" minOccurs="0" maxOccurs="unbounded" nillable="true"/>
        </xs:sequence>
      </xs:complexType>
      <xs:complexType name="ArrayOftLanguage">
        <xs:sequence>
          <xs:element name="tLanguage" type="tns:tLanguage" minOccurs="0" maxOccurs="unbounded" nillable="true"/>
        </xs:sequence>
      </xs:complexType>
      <xs:complexType name="ArrayOftContinent">
        <xs:sequence>
          <xs:element name="tContinent" type="tns:tContinent" minOccurs="0" maxOccurs="unbounded" nillable="true"/>
        </xs:sequence>
      </xs:complexType>
      <xs:complexType name="ArrayOftCurrency">
        <xs:sequence>
          <xs:element name="tCurrency" type="tns:tCurrency" minOccurs="0" maxOccurs="unbounded" nillable="true"/>
        </xs:sequence>
      </xs:complexType>
      <xs:complexType name="ArrayOftCountryCodeAndNameGroupedByContinent">
        <xs:sequence>
          <xs:element name="tCountryCodeAndNameGroupedByContinent" type="tns:tCountryCodeAndNameGroupedByContinent" minOccurs="0" maxOccurs="unbounded" nillable="true"/>
        </xs:sequence>
      </xs:complexType>
      <xs:complexType name="ArrayOftCountryInfo">
        <xs:sequence>
          <xs:element name="tCountryInfo" type="tns:tCountryInfo" minOccurs="0" maxOccurs="unbounded" nillable="true"/>
        </xs:sequence>
      </xs:complexType>
      <xs:element name="ListOfContinentsByName">
        <xs:complexType>
          <xs:sequence/>
        </xs:complexType>
      </xs:element>
      <xs:element name="ListOfContinentsByNameResponse">
        <xs:complexType>
          <xs:sequence>
            <xs:element name="ListOfContinentsByNameResult" type="tns:ArrayOftContinent"/>
          </xs:sequence>
        </xs:complexType>
      </xs:element>
      <xs:element name="ListOfContinentsByCode">
        <xs:complexType>
          <xs:sequence/>
        </xs:complexType>
      </xs:element>
      <xs:element name="ListOfContinentsByCodeResponse">
        <xs:complexType>
          <xs:sequence>
            <xs:element name="ListOfContinentsByCodeResult" type="tns:ArrayOftContinent"/>
          </xs:sequence>
        </xs:complexType>
      </xs:element>
      <xs:element name="ListOfCurrenciesByName">
        <xs:complexType>
          <xs:sequence/>
        </xs:complexType>
      </xs:element>
      <xs:element name="ListOfCurrenciesByNameResponse">
        <xs:complexType>
          <xs:sequence>
            <xs:element name="ListOfCurrenciesByNameResult" type="tns:ArrayOftCurrency"/>
          </xs:sequence>
        </xs:complexType>
      </xs:element>
      <xs:element name="ListOfCurrenciesByCode">
        <xs:complexType>
          <xs:sequence/>
        </xs:complexType>
      </xs:element>
      <xs:element name="ListOfCurrenciesByCodeResponse">
        <xs:complexType>
          <xs:sequence>
            <xs:element name="ListOfCurrenciesByCodeResult" type="tns:ArrayOftCurrency"/>
          </xs:sequence>
        </xs:complexType>
      </xs:element>
      <xs:element name="CurrencyName">
        <xs:complexType>
          <xs:sequence>
            <xs:element name="sCurrencyISOCode" type="xs:string"/>
          </xs:sequence>
        </xs:complexType>
      </xs:element>
      <xs:element name="CurrencyNameResponse">
        <xs:complexType>
          <xs:sequence>
            <xs:element name="CurrencyNameResult" type="xs:string"/>
          </xs:sequence>
        </xs:complexType>
      </xs:element>
      <xs:element name="ListOfCountryNamesByCode">
        <xs:complexType>
          <xs:sequence/>
        </xs:complexType>
      </xs:element>
      <xs:element name="ListOfCountryNamesByCodeResponse">
        <xs:complexType>
          <xs:sequence>
            <xs:element name="ListOfCountryNamesByCodeResult" type="tns:ArrayOftCountryCodeAndName"/>
          </xs:sequence>
        </xs:complexType>
      </xs:element>
      <xs:element name="ListOfCountryNamesByName">
        <xs:complexType>
          <xs:sequence/>
        </xs:complexType>
      </xs:element>
      <xs:element name="ListOfCountryNamesByNameResponse">
        <xs:complexType>
          <xs:sequence>
            <xs:element name="ListOfCountryNamesByNameResult" type="tns:ArrayOftCountryCodeAndName"/>
          </xs:sequence>
        </xs:complexType>
      </xs:element>
      <xs:element name="ListOfCountryNamesGroupedByContinent">
        <xs:complexType>
          <xs:sequence/>
        </xs:complexType>
      </xs:element>
      <xs:element name="ListOfCountryNamesGroupedByContinentResponse">
        <xs:complexType>
          <xs:sequence>
            <xs:element name="ListOfCountryNamesGroupedByContinentResult" type="tns:ArrayOftCountryCodeAndNameGroupedByContinent"/>
          </xs:sequence>
        </xs:complexType>
      </xs:element>
      <xs:element name="CountryName">
        <xs:complexType>
          <xs:sequence>
            <xs:element name="sCountryISOCode" type="xs:string"/>
          </xs:sequence>
        </xs:complexType>
      </xs:element>
      <xs:element name="CountryNameResponse">
        <xs:complexType>
          <xs:sequence>
            <xs:element name="CountryNameResult" type="xs:string"/>
          </xs:sequence>
        </xs:complexType>
      </xs:element>
      <xs:element name="CountryISOCode">
        <xs:complexType>
          <xs:sequence>
            <xs:element name="sCountryName" type="xs:string"/>
          </xs:sequence>
        </xs:complexType>
      </xs:element>
      <xs:element name="CountryISOCodeResponse">
        <xs:complexType>
          <xs:sequence>
            <xs:element name="CountryISOCodeResult" type="xs:string"/>
          </xs:sequence>
        </xs:complexType>
      </xs:element>
      <xs:element name="CapitalCity">
        <xs:complexType>
          <xs:sequence>
            <xs:element name="sCountryISOCode" type="xs:string"/>
          </xs:sequence>
        </xs:complexType>
      </xs:element>
      <xs:element name="CapitalCityResponse">
        <xs:complexType>
          <xs:sequence>
            <xs:element name="CapitalCityResult" type="xs:string"/>
          </xs:sequence>
        </xs:complexType>
      </xs:element>
      <xs:element name="CountryCurrency">
        <xs:complexType>
          <xs:sequence>
            <xs:element name="sCountryISOCode" type="xs:string"/>
          </xs:sequence>
        </xs:complexType>
      </xs:element>
      <xs:element name="CountryCurrencyResponse">
        <xs:complexType>
          <xs:sequence>
            <xs:element name="CountryCurrencyResult" type="tns:tCurrency"/>
          </xs:sequence>
        </xs:complexType>
      </xs:element>
      <xs:element name="CountryFlag">
        <xs:complexType>
          <xs:sequence>
            <xs:element name="sCountryISOCode" type="xs:string"/>
          </xs:sequence>
        </xs:complexType>
      </xs:element>
      <xs:element name="CountryFlagResponse">
        <xs:complexType>
          <xs:sequence>
            <xs:element name="CountryFlagResult" type="xs:string"/>
          </xs:sequence>
        </xs:complexType>
      </xs:element>
      <xs:element name="CountryIntPhoneCode">
        <xs:complexType>
          <xs:sequence>
            <xs:element name="sCountryISOCode" type="xs:string"/>
          </xs:sequence>
        </xs:complexType>
      </xs:element>
      <xs:element name="CountryIntPhoneCodeResponse">
        <xs:complexType>
          <xs:sequence>
            <xs:element name="CountryIntPhoneCodeResult" type="xs:string"/>
          </xs:sequence>
        </xs:complexType>
      </xs:element>
      <xs:element name="FullCountryInfo">
        <xs:complexType>
          <xs:sequence>
            <xs:element name="sCountryISOCode" type="xs:string"/>
          </xs:sequence>
        </xs:complexType>
      </xs:element>
      <xs:element name="FullCountryInfoResponse">
        <xs:complexType>
          <xs:sequence>
            <xs:element name="FullCountryInfoResult" type="tns:tCountryInfo"/>
          </xs:sequence>
        </xs:complexType>
      </xs:element>
      <xs:element name="FullCountryInfoAllCountries">
        <xs:complexType>
          <xs:sequence/>
        </xs:complexType>
      </xs:element>
      <xs:element name="FullCountryInfoAllCountriesResponse">
        <xs:complexType>
          <xs:sequence>
            <xs:element name="FullCountryInfoAllCountriesResult" type="tns:ArrayOftCountryInfo"/>
          </xs:sequence>
        </xs:complexType>
      </xs:element>
      <xs:element name="CountriesUsingCurrency">
        <xs:complexType>
          <xs:sequence>
            <xs:element name="sISOCurrencyCode" type="xs:string"/>
          </xs:sequence>
        </xs:complexType>
      </xs:element>
      <xs:element name="CountriesUsingCurrencyResponse">
        <xs:complexType>
          <xs:sequence>
            <xs:element name="CountriesUsingCurrencyResult" type="tns:ArrayOftCountryCodeAndName"/>
          </xs:sequence>
        </xs:complexType>
      </xs:element>
      <xs:element name="ListOfLanguagesByName">
        <xs:complexType>
          <xs:sequence/>
        </xs:complexType>
      </xs:element>
      <xs:element name="ListOfLanguagesByNameResponse">
        <xs:complexType>
          <xs:sequence>
            <xs:element name="ListOfLanguagesByNameResult" type="tns:ArrayOftLanguage"/>
          </xs:sequence>
        </xs:complexType>
      </xs:element>
      <xs:element name="ListOfLanguagesByCode">
        <xs:complexType>
          <xs:sequence/>
        </xs:complexType>
      </xs:element>
      <xs:element name="ListOfLanguagesByCodeResponse">
        <xs:complexType>
          <xs:sequence>
            <xs:element name="ListOfLanguagesByCodeResult" type="tns:ArrayOftLanguage"/>
          </xs:sequence>
        </xs:complexType>
      </xs:element>
      <xs:element name="LanguageName">
        <xs:complexType>
          <xs:sequence>
            <xs:element name="sISOCode" type="xs:string"/>
          </xs:sequence>
        </xs:complexType>
      </xs:element>
      <xs:element name="LanguageNameResponse">
        <xs:complexType>
          <xs:sequence>
            <xs:element name="LanguageNameResult" type="xs:string"/>
          </xs:sequence>
        </xs:complexType>
      </xs:element>
      <xs:element name="LanguageISOCode">
        <xs:complexType>
          <xs:sequence>
            <xs:element name="sLanguageName" type="xs:string"/>
          </xs:sequence>
        </xs:complexType>
      </xs:element>
      <xs:element name="LanguageISOCodeResponse">
        <xs:complexType>
          <xs:sequence>
            <xs:element name="LanguageISOCodeResult" type="xs:string"/>
          </xs:sequence>
        </xs:complexType>
      </xs:element>
    </xs:schema>
  </types>
  <message name="ListOfContinentsByNameSoapRequest">
    <part name="parameters" element="tns:ListOfContinentsByName"/>
  </message>
  <message name="ListOfContinentsByNameSoapResponse">
    <part name="parameters" element="tns:ListOfContinentsByNameResponse"/>
  </message>
  <message name="ListOfContinentsByCodeSoapRequest">
    <part name="parameters" element="tns:ListOfContinentsByCode"/>
  </message>
  <message name="ListOfContinentsByCodeSoapResponse">
    <part name="parameters" element="tns:ListOfContinentsByCodeResponse"/>
  </message>
  <message name="ListOfCurrenciesByNameSoapRequest">
    <part name="parameters" element="tns:ListOfCurrenciesByName"/>
  </message>
  <message name="ListOfCurrenciesByNameSoapResponse">
    <part name="parameters" element="tns:ListOfCurrenciesByNameResponse"/>
  </message>
  <message name="ListOfCurrenciesByCodeSoapRequest">
    <part name="parameters" element="tns:ListOfCurrenciesByCode"/>
  </message>
  <message name="ListOfCurrenciesByCodeSoapResponse">
    <part name="parameters" element="tns:ListOfCurrenciesByCodeResponse"/>
  </message>
  <message name="CurrencyNameSoapRequest">
    <part name="parameters" element="tns:CurrencyName"/>
  </message>
  <message name="CurrencyNameSoapResponse">
    <part name="parameters" element="tns:CurrencyNameResponse"/>
  </message>
  <message name="ListOfCountryNamesByCodeSoapRequest">
    <part name="parameters" element="tns:ListOfCountryNamesByCode"/>
  </message>
  <message name="ListOfCountryNamesByCodeSoapResponse">
    <part name="parameters" element="tns:ListOfCountryNamesByCodeResponse"/>
  </message>
  <message name="ListOfCountryNamesByNameSoapRequest">
    <part name="parameters" element="tns:ListOfCountryNamesByName"/>
  </message>
  <message name="ListOfCountryNamesByNameSoapResponse">
    <part name="parameters" element="tns:ListOfCountryNamesByNameResponse"/>
  </message>
  <message name="ListOfCountryNamesGroupedByContinentSoapRequest">
    <part name="parameters" element="tns:ListOfCountryNamesGroupedByContinent"/>
  </message>
  <message name="ListOfCountryNamesGroupedByContinentSoapResponse">
    <part name="parameters" element="tns:ListOfCountryNamesGroupedByContinentResponse"/>
  </message>
  <message name="CountryNameSoapRequest">
    <part name="parameters" element="tns:CountryName"/>
  </message>
  <message name="CountryNameSoapResponse">
    <part name="parameters" element="tns:CountryNameResponse"/>
  </message>
  <message name="CountryISOCodeSoapRequest">
    <part name="parameters" element="tns:CountryISOCode"/>
  </message>
  <message name="CountryISOCodeSoapResponse">
    <part name="parameters" element="tns:CountryISOCodeResponse"/>
  </message>
  <message name="CapitalCitySoapRequest">
    <part name="parameters" element="tns:CapitalCity"/>
  </message>
  <message name="CapitalCitySoapResponse">
    <part name="parameters" element="tns:CapitalCityResponse"/>
  </message>
  <message name="CountryCurrencySoapRequest">
    <part name="parameters" element="tns:CountryCurrency"/>
  </message>
  <message name="CountryCurrencySoapResponse">
    <part name="parameters" element="tns:CountryCurrencyResponse"/>
  </message>
  <message name="CountryFlagSoapRequest">
    <part name="parameters" element="tns:CountryFlag"/>
  </message>
  <message name="CountryFlagSoapResponse">
    <part name="parameters" element="tns:CountryFlagResponse"/>
  </message>
  <message name="CountryIntPhoneCodeSoapRequest">
    <part name="parameters" element="tns:CountryIntPhoneCode"/>
  </message>
  <message name="CountryIntPhoneCodeSoapResponse">
    <part name="parameters" element="tns:CountryIntPhoneCodeResponse"/>
  </message>
  <message name="FullCountryInfoSoapRequest">
    <part name="parameters" element="tns:FullCountryInfo"/>
  </message>
  <message name="FullCountryInfoSoapResponse">
    <part name="parameters" element="tns:FullCountryInfoResponse"/>
  </message>
  <message name="FullCountryInfoAllCountriesSoapRequest">
    <part name="parameters" element="tns:FullCountryInfoAllCountries"/>
  </message>
  <message name="FullCountryInfoAllCountriesSoapResponse">
    <part name="parameters" element="tns:FullCountryInfoAllCountriesResponse"/>
  </message>
  <message name="CountriesUsingCurrencySoapRequest">
    <part name="parameters" element="tns:CountriesUsingCurrency"/>
  </message>
  <message name="CountriesUsingCurrencySoapResponse">
    <part name="parameters" element="tns:CountriesUsingCurrencyResponse"/>
  </message>
  <message name="ListOfLanguagesByNameSoapRequest">
    <part name="parameters" element="tns:ListOfLanguagesByName"/>
  </message>
  <message name="ListOfLanguagesByNameSoapResponse">
    <part name="parameters" element="tns:ListOfLanguagesByNameResponse"/>
  </message>
  <message name="ListOfLanguagesByCodeSoapRequest">
    <part name="parameters" element="tns:ListOfLanguagesByCode"/>
  </message>
  <message name="ListOfLanguagesByCodeSoapResponse">
    <part name="parameters" element="tns:ListOfLanguagesByCodeResponse"/>
  </message>
  <message name="LanguageNameSoapRequest">
    <part name="parameters" element="tns:LanguageName"/>
  </message>
  <message name="LanguageNameSoapResponse">
    <part name="parameters" element="tns:LanguageNameResponse"/>
  </message>
  <message name="LanguageISOCodeSoapRequest">
    <part name="parameters" element="tns:LanguageISOCode"/>
  </message>
  <message name="LanguageISOCodeSoapResponse">
    <part name="parameters" element="tns:LanguageISOCodeResponse"/>
  </message>
  <portType name="CountryInfoServiceSoapType">
    <operation name="ListOfContinentsByName">
      <documentation>Returns a list of continents ordered by name.</documentation>
      <input message="tns:ListOfContinentsByNameSoapRequest"/>
      <output message="tns:ListOfContinentsByNameSoapResponse"/>
    </operation>
    <operation name="ListOfContinentsByCode">
      <documentation>Returns a list of continents ordered by code.</documentation>
      <input message="tns:ListOfContinentsByCodeSoapRequest"/>
      <output message="tns:ListOfContinentsByCodeSoapResponse"/>
    </operation>
    <operation name="ListOfCurrenciesByName">
      <documentation>Returns a list of currencies ordered by name.</documentation>
      <input message="tns:ListOfCurrenciesByNameSoapRequest"/>
      <output message="tns:ListOfCurrenciesByNameSoapResponse"/>
    </operation>
    <operation name="ListOfCurrenciesByCode">
      <documentation>Returns a list of currencies ordered by code.</documentation>
      <input message="tns:ListOfCurrenciesByCodeSoapRequest"/>
      <output message="tns:ListOfCurrenciesByCodeSoapResponse"/>
    </operation>
    <operation name="CurrencyName">
      <documentation>Returns the name of the currency (if found)</documentation>
      <input message="tns:CurrencyNameSoapRequest"/>
      <output message="tns:CurrencyNameSoapResponse"/>
    </operation>
    <operation name="ListOfCountryNamesByCode">
      <documentation>Returns a list of all stored counties ordered by ISO code</documentation>
      <input message="tns:ListOfCountryNamesByCodeSoapRequest"/>
      <output message="tns:ListOfCountryNamesByCodeSoapResponse"/>
    </operation>
    <operation name="ListOfCountryNamesByName">
      <documentation>Returns a list of all stored counties ordered by country name</documentation>
      <input message="tns:ListOfCountryNamesByNameSoapRequest"/>
      <output message="tns:ListOfCountryNamesByNameSoapResponse"/>
    </operation>
    <operation name="ListOfCountryNamesGroupedByContinent">
      <documentation>Returns a list of all stored counties grouped per continent</documentation>
      <input message="tns:ListOfCountryNamesGroupedByContinentSoapRequest"/>
      <output message="tns:ListOfCountryNamesGroupedByContinentSoapResponse"/>
    </operation>
    <operation name="CountryName">
      <documentation>Searches the database for a country by the passed ISO country code</documentation>
      <input message="tns:CountryNameSoapRequest"/>
      <output message="tns:CountryNameSoapResponse"/>
    </operation>
    <operation name="CountryISOCode">
      <documentation>This function tries to found a country based on the passed country name.</documentation>
      <input message="tns:CountryISOCodeSoapRequest"/>
      <output message="tns:CountryISOCodeSoapResponse"/>
    </operation>
    <operation name="CapitalCity">
      <documentation>Returns the  name of the captial city for the passed country code</documentation>
      <input message="tns:CapitalCitySoapRequest"/>
      <output message="tns:CapitalCitySoapResponse"/>
    </operation>
    <operation name="CountryCurrency">
      <documentation>Returns the currency ISO code and name for the passed country ISO code</documentation>
      <input message="tns:CountryCurrencySoapRequest"/>
      <output message="tns:CountryCurrencySoapResponse"/>
    </operation>
    <operation name="CountryFlag">
      <documentation>Returns a link to a picture of the country flag</documentation>
      <input message="tns:CountryFlagSoapRequest"/>
      <output message="tns:CountryFlagSoapResponse"/>
    </operation>
    <operation name="CountryIntPhoneCode">
      <documentation>Returns the internation phone code for the passed ISO country code</documentation>
      <input message="tns:CountryIntPhoneCodeSoapRequest"/>
      <output message="tns:CountryIntPhoneCodeSoapResponse"/>
    </operation>
    <operation name="FullCountryInfo">
      <documentation>Returns a struct with all the stored country information. Pass the ISO country code</documentation>
      <input message="tns:FullCountryInfoSoapRequest"/>
      <output message="tns:FullCountryInfoSoapResponse"/>
    </operation>
    <operation name="FullCountryInfoAllCountries">
      <documentation>Returns an array with all countries and all the language information stored</documentation>
      <input message="tns:FullCountryInfoAllCountriesSoapRequest"/>
      <output message="tns:FullCountryInfoAllCountriesSoapResponse"/>
    </operation>
    <operation name="CountriesUsingCurrency">
      <documentation>Returns a list of all countries that use the same currency code. Pass a ISO currency code</documentation>
      <input message="tns:CountriesUsingCurrencySoapRequest"/>
      <output message="tns:CountriesUsingCurrencySoapResponse"/>
    </operation>
    <operation name="ListOfLanguagesByName">
      <documentation>Returns an array of languages ordered by name</documentation>
      <input message="tns:ListOfLanguagesByNameSoapRequest"/>
      <output message="tns:ListOfLanguagesByNameSoapResponse"/>
    </operation>
    <operation name="ListOfLanguagesByCode">
      <documentation>Returns an array of languages ordered by code</documentation>
      <input message="tns:ListOfLanguagesByCodeSoapRequest"/>
      <output message="tns:ListOfLanguagesByCodeSoapResponse"/>
    </operation>
    <operation name="LanguageName">
      <documentation>Find a language name based on the passed ISO language code</documentation>
      <input message="tns:LanguageNameSoapRequest"/>
      <output message="tns:LanguageNameSoapResponse"/>
    </operation>
    <operation name="LanguageISOCode">
      <documentation>Find a language ISO code based on the passed language name</documentation>
      <input message="tns:LanguageISOCodeSoapRequest"/>
      <output message="tns:LanguageISOCodeSoapResponse"/>
    </operation>
  </portType>
  <binding name="CountryInfoServiceSoapBinding" type="tns:CountryInfoServiceSoapType">
    <soap:binding style="document" transport="http://schemas.xmlsoap.org/soap/http"/>
    <operation name="ListOfContinentsByName">
      <soap:operation soapAction="" style="document"/>
      <input>
        <soap:body use="literal"/>
      </input>
      <output>
        <soap:body use="literal"/>
      </output>
    </operation>
    <operation name="ListOfContinentsByCode">
      <soap:operation soapAction="" style="document"/>
      <input>
        <soap:body use="literal"/>
      </input>
      <output>
        <soap:body use="literal"/>
      </output>
    </operation>
    <operation name="ListOfCurrenciesByName">
      <soap:operation soapAction="" style="document"/>
      <input>
        <soap:body use="literal"/>
      </input>
      <output>
        <soap:body use="literal"/>
      </output>
    </operation>
    <operation name="ListOfCurrenciesByCode">
      <soap:operation soapAction="" style="document"/>
      <input>
        <soap:body use="literal"/>
      </input>
      <output>
        <soap:body use="literal"/>
      </output>
    </operation>
    <operation name="CurrencyName">
      <soap:operation soapAction="" style="document"/>
      <input>
        <soap:body use="literal"/>
      </input>
      <output>
        <soap:body use="literal"/>
      </output>
    </operation>
    <operation name="ListOfCountryNamesByCode">
      <soap:operation soapAction="" style="document"/>
      <input>
        <soap:body use="literal"/>
      </input>
      <output>
        <soap:body use="literal"/>
      </output>
    </operation>
    <operation name="ListOfCountryNamesByName">
      <soap:operation soapAction="" style="document"/>
      <input>
        <soap:body use="literal"/>
      </input>
      <output>
        <soap:body use="literal"/>
      </output>
    </operation>
    <operation name="ListOfCountryNamesGroupedByContinent">
      <soap:operation soapAction="" style="document"/>
      <input>
        <soap:body use="literal"/>
      </input>
      <output>
        <soap:body use="literal"/>
      </output>
    </operation>
    <operation name="CountryName">
      <soap:operation soapAction="" style="document"/>
      <input>
        <soap:body use="literal"/>
      </input>
      <output>
        <soap:body use="literal"/>
      </output>
    </operation>
    <operation name="CountryISOCode">
      <soap:operation soapAction="" style="document"/>
      <input>
        <soap:body use="literal"/>
      </input>
      <output>
        <soap:body use="literal"/>
      </output>
    </operation>
    <operation name="CapitalCity">
      <soap:operation soapAction="" style="document"/>
      <input>
        <soap:body use="literal"/>
      </input>
      <output>
        <soap:body use="literal"/>
      </output>
    </operation>
    <operation name="CountryCurrency">
      <soap:operation soapAction="" style="document"/>
      <input>
        <soap:body use="literal"/>
      </input>
      <output>
        <soap:body use="literal"/>
      </output>
    </operation>
    <operation name="CountryFlag">
      <soap:operation soapAction="" style="document"/>
      <input>
        <soap:body use="literal"/>
      </input>
      <output>
        <soap:body use="literal"/>
      </output>
    </operation>
    <operation name="CountryIntPhoneCode">
      <soap:operation soapAction="" style="document"/>
      <input>
        <soap:body use="literal"/>
      </input>
      <output>
        <soap:body use="literal"/>
      </output>
    </operation>
    <operation name="FullCountryInfo">
      <soap:operation soapAction="" style="document"/>
      <input>
        <soap:body use="literal"/>
      </input>
      <output>
        <soap:body use="literal"/>
      </output>
    </operation>
    <operation name="FullCountryInfoAllCountries">
      <soap:operation soapAction="" style="document"/>
      <input>
        <soap:body use="literal"/>
      </input>
      <output>
        <soap:body use="literal"/>
      </output>
    </operation>
    <operation name="CountriesUsingCurrency">
      <soap:operation soapAction="" style="document"/>
      <input>
        <soap:body use="literal"/>
      </input>
      <output>
        <soap:body use="literal"/>
      </output>
    </operation>
    <operation name="ListOfLanguagesByName">
      <soap:operation soapAction="" style="document"/>
      <input>
        <soap:body use="literal"/>
      </input>
      <output>
        <soap:body use="literal"/>
      </output>
    </operation>
    <operation name="ListOfLanguagesByCode">
      <soap:operation soapAction="" style="document"/>
      <input>
        <soap:body use="literal"/>
      </input>
      <output>
        <soap:body use="literal"/>
      </output>
    </operation>
    <operation name="LanguageName">
      <soap:operation soapAction="" style="document"/>
      <input>
        <soap:body use="literal"/>
      </input>
      <output>
        <soap:body use="literal"/>
      </output>
    </operation>
    <operation name="LanguageISOCode">
      <soap:operation soapAction="" style="document"/>
      <input>
        <soap:body use="literal"/>
      </input>
      <output>
        <soap:body use="literal"/>
      </output>
    </operation>
  </binding>
  <binding name="CountryInfoServiceSoapBinding12" type="tns:CountryInfoServiceSoapType">
    <soap12:binding style="document" transport="http://schemas.xmlsoap.org/soap/http"/>
    <operation name="ListOfContinentsByName">
      <soap12:operation soapAction="" style="document"/>
      <input>
        <soap12:body use="literal"/>
      </input>
      <output>
        <soap12:body use="literal"/>
      </output>
    </operation>
    <operation name="ListOfContinentsByCode">
      <soap12:operation soapAction="" style="document"/>
      <input>
        <soap12:body use="literal"/>
      </input>
      <output>
        <soap12:body use="literal"/>
      </output>
    </operation>
    <operation name="ListOfCurrenciesByName">
      <soap12:operation soapAction="" style="document"/>
      <input>
        <soap12:body use="literal"/>
      </input>
      <output>
        <soap12:body use="literal"/>
      </output>
    </operation>
    <operation name="ListOfCurrenciesByCode">
      <soap12:operation soapAction="" style="document"/>
      <input>
        <soap12:body use="literal"/>
      </input>
      <output>
        <soap12:body use="literal"/>
      </output>
    </operation>
    <operation name="CurrencyName">
      <soap12:operation soapAction="" style="document"/>
      <input>
        <soap12:body use="literal"/>
      </input>
      <output>
        <soap12:body use="literal"/>
      </output>
    </operation>
    <operation name="ListOfCountryNamesByCode">
      <soap12:operation soapAction="" style="document"/>
      <input>
        <soap12:body use="literal"/>
      </input>
      <output>
        <soap12:body use="literal"/>
      </output>
    </operation>
    <operation name="ListOfCountryNamesByName">
      <soap12:operation soapAction="" style="document"/>
      <input>
        <soap12:body use="literal"/>
      </input>
      <output>
        <soap12:body use="literal"/>
      </output>
    </operation>
    <operation name="ListOfCountryNamesGroupedByContinent">
      <soap12:operation soapAction="" style="document"/>
      <input>
        <soap12:body use="literal"/>
      </input>
      <output>
        <soap12:body use="literal"/>
      </output>
    </operation>
    <operation name="CountryName">
      <soap12:operation soapAction="" style="document"/>
      <input>
        <soap12:body use="literal"/>
      </input>
      <output>
        <soap12:body use="literal"/>
      </output>
    </operation>
    <operation name="CountryISOCode">
      <soap12:operation soapAction="" style="document"/>
      <input>
        <soap12:body use="literal"/>
      </input>
      <output>
        <soap12:body use="literal"/>
      </output>
    </operation>
    <operation name="CapitalCity">
      <soap12:operation soapAction="" style="document"/>
      <input>
        <soap12:body use="literal"/>
      </input>
      <output>
        <soap12:body use="literal"/>
      </output>
    </operation>
    <operation name="CountryCurrency">
      <soap12:operation soapAction="" style="document"/>
      <input>
        <soap12:body use="literal"/>
      </input>
      <output>
        <soap12:body use="literal"/>
      </output>
    </operation>
    <operation name="CountryFlag">
      <soap12:operation soapAction="" style="document"/>
      <input>
        <soap12:body use="literal"/>
      </input>
      <output>
        <soap12:body use="literal"/>
      </output>
    </operation>
    <operation name="CountryIntPhoneCode">
      <soap12:operation soapAction="" style="document"/>
      <input>
        <soap12:body use="literal"/>
      </input>
      <output>
        <soap12:body use="literal"/>
      </output>
    </operation>
    <operation name="FullCountryInfo">
      <soap12:operation soapAction="" style="document"/>
      <input>
        <soap12:body use="literal"/>
      </input>
      <output>
        <soap12:body use="literal"/>
      </output>
    </operation>
    <operation name="FullCountryInfoAllCountries">
      <soap12:operation soapAction="" style="document"/>
      <input>
        <soap12:body use="literal"/>
      </input>
      <output>
        <soap12:body use="literal"/>
      </output>
    </operation>
    <operation name="CountriesUsingCurrency">
      <soap12:operation soapAction="" style="document"/>
      <input>
        <soap12:body use="literal"/>
      </input>
      <output>
        <soap12:body use="literal"/>
      </output>
    </operation>
    <operation name="ListOfLanguagesByName">
      <soap12:operation soapAction="" style="document"/>
      <input>
        <soap12:body use="literal"/>
      </input>
      <output>
        <soap12:body use="literal"/>
      </output>
    </operation>
    <operation name="ListOfLanguagesByCode">
      <soap12:operation soapAction="" style="document"/>
      <input>
        <soap12:body use="literal"/>
      </input>
      <output>
        <soap12:body use="literal"/>
      </output>
    </operation>
    <operation name="LanguageName">
      <soap12:operation soapAction="" style="document"/>
      <input>
        <soap12:body use="literal"/>
      </input>
      <output>
        <soap12:body use="literal"/>
      </output>
    </operation>
    <operation name="LanguageISOCode">
      <soap12:operation soapAction="" style="document"/>
      <input>
        <soap12:body use="literal"/>
      </input>
      <output>
        <soap12:body use="literal"/>
      </output>
    </operation>
  </binding>
  <service name="CountryInfoService">
    <documentation>This DataFlex Web Service opens up country information. 2 letter ISO codes are used for Country code. There are functions to retrieve the used Currency, Language, Capital City, Continent and Telephone code.</documentation>
    <port name="CountryInfoServiceSoap" binding="tns:CountryInfoServiceSoapBinding">
      <soap:address location="http://webservices.oorsprong.org/websamples.countryinfo/CountryInfoService.wso"/>
    </port>
    <port name="CountryInfoServiceSoap12" binding="tns:CountryInfoServiceSoapBinding12">
      <soap12:address location="http://webservices.oorsprong.org/websamples.countryinfo/CountryInfoService.wso"/>
    </port>
  </service>
</definitions>]]></con:content><con:type>http://schemas.xmlsoap.org/wsdl/</con:type></con:part></con:definitionCache><con:endpoints><con:endpoint>http://webservices.oorsprong.org/websamples.countryinfo/CountryInfoService.wso</con:endpoint></con:endpoints><con:operation id="0e106349-3f86-4d58-8f9b-5f9a5748e943" isOneWay="false" action="" name="CapitalCity" bindingOperationName="CapitalCity" type="Request-Response" inputName="" receivesAttachments="false" sendsAttachments="false" anonymous="optional"><con:settings/><con:call id="62f3d69a-491d-42da-880e-30ee826c8f88" name="Request 1"><con:settings/><con:encoding>UTF-8</con:encoding><con:endpoint>http://webservices.oorsprong.org/websamples.countryinfo/CountryInfoService.wso</con:endpoint><con:request><![CDATA[<soapenv:Envelope xmlns:soapenv="http://schemas.xmlsoap.org/soap/envelope/" xmlns:web="http://www.oorsprong.org/websamples.countryinfo">\r
   <soapenv:Header/>\r
   <soapenv:Body>\r
      <web:CapitalCity>\r
         <web:sCountryISOCode>?</web:sCountryISOCode>\r
      </web:CapitalCity>\r
   </soapenv:Body>\r
</soapenv:Envelope>]]></con:request><con:credentials><con:authType>No Authorization</con:authType></con:credentials><con:jmsConfig JMSDeliveryMode="PERSISTENT"/><con:jmsPropertyConfig/><con:wsaConfig mustUnderstand="NONE" version="200508" action="http://www.oorsprong.org/websamples.countryinfo/CountryInfoServiceSoapType/CapitalCityRequest"/><con:wsrmConfig version="1.2"/></con:call></con:operation><con:operation id="70ea724e-9f25-4d7e-bf74-51bd4fc3ee4e" isOneWay="false" action="" name="CountriesUsingCurrency" bindingOperationName="CountriesUsingCurrency" type="Request-Response" inputName="" receivesAttachments="false" sendsAttachments="false" anonymous="optional"><con:settings/><con:call id="24b6102f-1d3c-47d5-8b97-0bce0469b4d1" name="Request 1"><con:settings/><con:encoding>UTF-8</con:encoding><con:endpoint>http://webservices.oorsprong.org/websamples.countryinfo/CountryInfoService.wso</con:endpoint><con:request><![CDATA[<soapenv:Envelope xmlns:soapenv="http://schemas.xmlsoap.org/soap/envelope/" xmlns:web="http://www.oorsprong.org/websamples.countryinfo">\r
   <soapenv:Header/>\r
   <soapenv:Body>\r
      <web:CountriesUsingCurrency>\r
         <web:sISOCurrencyCode>?</web:sISOCurrencyCode>\r
      </web:CountriesUsingCurrency>\r
   </soapenv:Body>\r
</soapenv:Envelope>]]></con:request><con:wsaConfig mustUnderstand="NONE" version="200508" action="http://www.oorsprong.org/websamples.countryinfo/CountryInfoServiceSoapType/CountriesUsingCurrencyRequest"/></con:call></con:operation><con:operation id="23c1b4bb-438c-4338-9bc1-d3029fe1ed0b" isOneWay="false" action="" name="CountryCurrency" bindingOperationName="CountryCurrency" type="Request-Response" inputName="" receivesAttachments="false" sendsAttachments="false" anonymous="optional"><con:settings/><con:call id="99f525f4-9600-44e3-86d8-267c8f6ac7f5" name="Request 1"><con:settings/><con:encoding>UTF-8</con:encoding><con:endpoint>http://webservices.oorsprong.org/websamples.countryinfo/CountryInfoService.wso</con:endpoint><con:request><![CDATA[<soapenv:Envelope xmlns:soapenv="http://schemas.xmlsoap.org/soap/envelope/" xmlns:web="http://www.oorsprong.org/websamples.countryinfo">\r
   <soapenv:Header/>\r
   <soapenv:Body>\r
      <web:CountryCurrency>\r
         <web:sCountryISOCode>?</web:sCountryISOCode>\r
      </web:CountryCurrency>\r
   </soapenv:Body>\r
</soapenv:Envelope>]]></con:request><con:wsaConfig mustUnderstand="NONE" version="200508" action="http://www.oorsprong.org/websamples.countryinfo/CountryInfoServiceSoapType/CountryCurrencyRequest"/></con:call></con:operation><con:operation id="91dd3ce7-1bd8-41c9-9069-04e1449c5f8b" isOneWay="false" action="" name="CountryFlag" bindingOperationName="CountryFlag" type="Request-Response" inputName="" receivesAttachments="false" sendsAttachments="false" anonymous="optional"><con:settings/><con:call id="5bbe644d-e591-4924-94a6-31f907c5fa79" name="Request 1"><con:settings/><con:encoding>UTF-8</con:encoding><con:endpoint>http://webservices.oorsprong.org/websamples.countryinfo/CountryInfoService.wso</con:endpoint><con:request><![CDATA[<soapenv:Envelope xmlns:soapenv="http://schemas.xmlsoap.org/soap/envelope/" xmlns:web="http://www.oorsprong.org/websamples.countryinfo">\r
   <soapenv:Header/>\r
   <soapenv:Body>\r
      <web:CountryFlag>\r
         <web:sCountryISOCode>?</web:sCountryISOCode>\r
      </web:CountryFlag>\r
   </soapenv:Body>\r
</soapenv:Envelope>]]></con:request><con:wsaConfig mustUnderstand="NONE" version="200508" action="http://www.oorsprong.org/websamples.countryinfo/CountryInfoServiceSoapType/CountryFlagRequest"/></con:call></con:operation><con:operation id="7e4558db-e7bf-40dd-b581-e9cd0212aece" isOneWay="false" action="" name="CountryIntPhoneCode" bindingOperationName="CountryIntPhoneCode" type="Request-Response" inputName="" receivesAttachments="false" sendsAttachments="false" anonymous="optional"><con:settings/><con:call id="e187695d-0aac-4de2-a340-617e5e62626a" name="Request 1"><con:settings/><con:encoding>UTF-8</con:encoding><con:endpoint>http://webservices.oorsprong.org/websamples.countryinfo/CountryInfoService.wso</con:endpoint><con:request><![CDATA[<soapenv:Envelope xmlns:soapenv="http://schemas.xmlsoap.org/soap/envelope/" xmlns:web="http://www.oorsprong.org/websamples.countryinfo">\r
   <soapenv:Header/>\r
   <soapenv:Body>\r
      <web:CountryIntPhoneCode>\r
         <web:sCountryISOCode>?</web:sCountryISOCode>\r
      </web:CountryIntPhoneCode>\r
   </soapenv:Body>\r
</soapenv:Envelope>]]></con:request><con:wsaConfig mustUnderstand="NONE" version="200508" action="http://www.oorsprong.org/websamples.countryinfo/CountryInfoServiceSoapType/CountryIntPhoneCodeRequest"/></con:call></con:operation><con:operation id="f13f274c-40a2-4555-ab48-232b0bbd56d6" isOneWay="false" action="" name="CountryISOCode" bindingOperationName="CountryISOCode" type="Request-Response" inputName="" receivesAttachments="false" sendsAttachments="false" anonymous="optional"><con:settings/><con:call id="573dd7ee-561d-4daf-931a-6244f8204d5b" name="Request 1"><con:settings><con:setting id="com.eviware.soapui.impl.wsdl.WsdlRequest@request-headers">&lt;xml-fragment/></con:setting></con:settings><con:encoding>UTF-8</con:encoding><con:endpoint>http://webservices.oorsprong.org/websamples.countryinfo/CountryInfoService.wso</con:endpoint><con:request><![CDATA[<soapenv:Envelope xmlns:soapenv="http://schemas.xmlsoap.org/soap/envelope/" xmlns:web="http://www.oorsprong.org/websamples.countryinfo">\r
   <soapenv:Header/>\r
   <soapenv:Body>\r
      <web:CountryISOCode>\r
         <web:sCountryName>Colombia</web:sCountryName>\r
      </web:CountryISOCode>\r
   </soapenv:Body>\r
</soapenv:Envelope>]]></con:request><con:credentials><con:authType>No Authorization</con:authType></con:credentials><con:jmsConfig JMSDeliveryMode="PERSISTENT"/><con:jmsPropertyConfig/><con:wsaConfig mustUnderstand="NONE" version="200508" action="http://www.oorsprong.org/websamples.countryinfo/CountryInfoServiceSoapType/CountryISOCodeRequest"/><con:wsrmConfig version="1.2"/></con:call></con:operation><con:operation id="7f1dd460-56b7-4861-9d8a-474f2e0cccb9" isOneWay="false" action="" name="CountryName" bindingOperationName="CountryName" type="Request-Response" inputName="" receivesAttachments="false" sendsAttachments="false" anonymous="optional"><con:settings/><con:call id="11dc6ec7-4b9a-4b2d-90e1-62c2e44ba832" name="Request 1"><con:settings/><con:encoding>UTF-8</con:encoding><con:endpoint>http://webservices.oorsprong.org/websamples.countryinfo/CountryInfoService.wso</con:endpoint><con:request><![CDATA[<soapenv:Envelope xmlns:soapenv="http://schemas.xmlsoap.org/soap/envelope/" xmlns:web="http://www.oorsprong.org/websamples.countryinfo">\r
   <soapenv:Header/>\r
   <soapenv:Body>\r
      <web:CountryName>\r
         <web:sCountryISOCode>?</web:sCountryISOCode>\r
      </web:CountryName>\r
   </soapenv:Body>\r
</soapenv:Envelope>]]></con:request><con:wsaConfig mustUnderstand="NONE" version="200508" action="http://www.oorsprong.org/websamples.countryinfo/CountryInfoServiceSoapType/CountryNameRequest"/></con:call></con:operation><con:operation id="11e0b9a8-e147-4fae-80ec-f77df5f103a0" isOneWay="false" action="" name="CurrencyName" bindingOperationName="CurrencyName" type="Request-Response" inputName="" receivesAttachments="false" sendsAttachments="false" anonymous="optional"><con:settings/><con:call id="d69df51a-1179-461b-9491-b711a6a392cc" name="Request 1"><con:settings/><con:encoding>UTF-8</con:encoding><con:endpoint>http://webservices.oorsprong.org/websamples.countryinfo/CountryInfoService.wso</con:endpoint><con:request><![CDATA[<soapenv:Envelope xmlns:soapenv="http://schemas.xmlsoap.org/soap/envelope/" xmlns:web="http://www.oorsprong.org/websamples.countryinfo">\r
   <soapenv:Header/>\r
   <soapenv:Body>\r
      <web:CurrencyName>\r
         <web:sCurrencyISOCode>?</web:sCurrencyISOCode>\r
      </web:CurrencyName>\r
   </soapenv:Body>\r
</soapenv:Envelope>]]></con:request><con:wsaConfig mustUnderstand="NONE" version="200508" action="http://www.oorsprong.org/websamples.countryinfo/CountryInfoServiceSoapType/CurrencyNameRequest"/></con:call></con:operation><con:operation id="acf41eb5-9940-414b-9b9a-6cb73aee9578" isOneWay="false" action="" name="FullCountryInfo" bindingOperationName="FullCountryInfo" type="Request-Response" inputName="" receivesAttachments="false" sendsAttachments="false" anonymous="optional"><con:settings/><con:call id="8bccaab1-59b5-4082-91b2-04e633255098" name="Request 1"><con:settings/><con:encoding>UTF-8</con:encoding><con:endpoint>http://webservices.oorsprong.org/websamples.countryinfo/CountryInfoService.wso</con:endpoint><con:request><![CDATA[<soapenv:Envelope xmlns:soapenv="http://schemas.xmlsoap.org/soap/envelope/" xmlns:web="http://www.oorsprong.org/websamples.countryinfo">\r
   <soapenv:Header/>\r
   <soapenv:Body>\r
      <web:FullCountryInfo>\r
         <web:sCountryISOCode>?</web:sCountryISOCode>\r
      </web:FullCountryInfo>\r
   </soapenv:Body>\r
</soapenv:Envelope>]]></con:request><con:wsaConfig mustUnderstand="NONE" version="200508" action="http://www.oorsprong.org/websamples.countryinfo/CountryInfoServiceSoapType/FullCountryInfoRequest"/></con:call></con:operation><con:operation id="93b157c5-e179-432c-a9b4-a1a75d90295f" isOneWay="false" action="" name="FullCountryInfoAllCountries" bindingOperationName="FullCountryInfoAllCountries" type="Request-Response" inputName="" receivesAttachments="false" sendsAttachments="false" anonymous="optional"><con:settings/><con:call id="dd3f8d61-7859-46d2-aa09-5f38b0bce121" name="Request 1"><con:settings/><con:encoding>UTF-8</con:encoding><con:endpoint>http://webservices.oorsprong.org/websamples.countryinfo/CountryInfoService.wso</con:endpoint><con:request><![CDATA[<soapenv:Envelope xmlns:soapenv="http://schemas.xmlsoap.org/soap/envelope/" xmlns:web="http://www.oorsprong.org/websamples.countryinfo">\r
   <soapenv:Header/>\r
   <soapenv:Body>\r
      <web:FullCountryInfoAllCountries/>\r
   </soapenv:Body>\r
</soapenv:Envelope>]]></con:request><con:wsaConfig mustUnderstand="NONE" version="200508" action="http://www.oorsprong.org/websamples.countryinfo/CountryInfoServiceSoapType/FullCountryInfoAllCountriesRequest"/></con:call></con:operation><con:operation id="c0670f0c-9601-4066-bfbf-027f5f7fbb01" isOneWay="false" action="" name="LanguageISOCode" bindingOperationName="LanguageISOCode" type="Request-Response" inputName="" receivesAttachments="false" sendsAttachments="false" anonymous="optional"><con:settings/><con:call id="ea905ce9-d69e-480d-8410-dd12f1643888" name="Request 1"><con:settings/><con:encoding>UTF-8</con:encoding><con:endpoint>http://webservices.oorsprong.org/websamples.countryinfo/CountryInfoService.wso</con:endpoint><con:request><![CDATA[<soapenv:Envelope xmlns:soapenv="http://schemas.xmlsoap.org/soap/envelope/" xmlns:web="http://www.oorsprong.org/websamples.countryinfo">\r
   <soapenv:Header/>\r
   <soapenv:Body>\r
      <web:LanguageISOCode>\r
         <web:sLanguageName>?</web:sLanguageName>\r
      </web:LanguageISOCode>\r
   </soapenv:Body>\r
</soapenv:Envelope>]]></con:request><con:wsaConfig mustUnderstand="NONE" version="200508" action="http://www.oorsprong.org/websamples.countryinfo/CountryInfoServiceSoapType/LanguageISOCodeRequest"/></con:call></con:operation><con:operation id="5ab3fc89-6e4c-4087-abbd-47f824618879" isOneWay="false" action="" name="LanguageName" bindingOperationName="LanguageName" type="Request-Response" inputName="" receivesAttachments="false" sendsAttachments="false" anonymous="optional"><con:settings/><con:call id="5fed16e2-3cfe-4231-a680-e8da0b520d2f" name="Request 1"><con:settings/><con:encoding>UTF-8</con:encoding><con:endpoint>http://webservices.oorsprong.org/websamples.countryinfo/CountryInfoService.wso</con:endpoint><con:request><![CDATA[<soapenv:Envelope xmlns:soapenv="http://schemas.xmlsoap.org/soap/envelope/" xmlns:web="http://www.oorsprong.org/websamples.countryinfo">\r
   <soapenv:Header/>\r
   <soapenv:Body>\r
      <web:LanguageName>\r
         <web:sISOCode>?</web:sISOCode>\r
      </web:LanguageName>\r
   </soapenv:Body>\r
</soapenv:Envelope>]]></con:request><con:wsaConfig mustUnderstand="NONE" version="200508" action="http://www.oorsprong.org/websamples.countryinfo/CountryInfoServiceSoapType/LanguageNameRequest"/></con:call></con:operation><con:operation id="303ba4df-5d62-4179-872c-b2bebba8ae90" isOneWay="false" action="" name="ListOfContinentsByCode" bindingOperationName="ListOfContinentsByCode" type="Request-Response" inputName="" receivesAttachments="false" sendsAttachments="false" anonymous="optional"><con:settings/><con:call id="c3616556-1bc6-4ce3-9a52-4951df57d5a4" name="Request 1"><con:settings><con:setting id="com.eviware.soapui.impl.wsdl.WsdlRequest@request-headers">&lt;xml-fragment/></con:setting></con:settings><con:encoding>UTF-8</con:encoding><con:endpoint>http://webservices.oorsprong.org/websamples.countryinfo/CountryInfoService.wso</con:endpoint><con:request><![CDATA[<soapenv:Envelope xmlns:soapenv="http://schemas.xmlsoap.org/soap/envelope/" xmlns:web="http://www.oorsprong.org/websamples.countryinfo">\r
   <soapenv:Header/>\r
   <soapenv:Body>\r
      <web:ListOfContinentsByCode/>\r
   </soapenv:Body>\r
</soapenv:Envelope>]]></con:request><con:credentials><con:authType>No Authorization</con:authType></con:credentials><con:jmsConfig JMSDeliveryMode="PERSISTENT"/><con:jmsPropertyConfig/><con:wsaConfig mustUnderstand="NONE" version="200508" action="http://www.oorsprong.org/websamples.countryinfo/CountryInfoServiceSoapType/ListOfContinentsByCodeRequest"/><con:wsrmConfig version="1.2"/></con:call></con:operation><con:operation id="4565719b-7feb-4f81-924a-fcbd6d745065" isOneWay="false" action="" name="ListOfContinentsByName" bindingOperationName="ListOfContinentsByName" type="Request-Response" inputName="" receivesAttachments="false" sendsAttachments="false" anonymous="optional"><con:settings/><con:call id="dc88b224-7b99-4ca6-a80b-ca017a7353a8" name="Request 1"><con:settings><con:setting id="com.eviware.soapui.impl.wsdl.WsdlRequest@request-headers">&lt;xml-fragment/></con:setting></con:settings><con:encoding>UTF-8</con:encoding><con:endpoint>http://webservices.oorsprong.org/websamples.countryinfo/CountryInfoService.wso</con:endpoint><con:request><![CDATA[<soapenv:Envelope xmlns:soapenv="http://schemas.xmlsoap.org/soap/envelope/" xmlns:web="http://www.oorsprong.org/websamples.countryinfo">\r
   <soapenv:Header/>\r
   <soapenv:Body>\r
      <web:ListOfContinentsByName/>\r
   </soapenv:Body>\r
</soapenv:Envelope>]]></con:request><con:credentials><con:authType>No Authorization</con:authType></con:credentials><con:jmsConfig JMSDeliveryMode="PERSISTENT"/><con:jmsPropertyConfig/><con:wsaConfig mustUnderstand="NONE" version="200508" action="http://www.oorsprong.org/websamples.countryinfo/CountryInfoServiceSoapType/ListOfContinentsByNameRequest"/><con:wsrmConfig version="1.2"/></con:call></con:operation><con:operation id="95e73317-7d48-42ac-bd00-d2c79bfa88f3" isOneWay="false" action="" name="ListOfCountryNamesByCode" bindingOperationName="ListOfCountryNamesByCode" type="Request-Response" inputName="" receivesAttachments="false" sendsAttachments="false" anonymous="optional"><con:settings/><con:call id="f40f3eac-7397-47b9-9485-4e853a8bd29c" name="Request 1"><con:settings><con:setting id="com.eviware.soapui.impl.wsdl.WsdlRequest@request-headers">&lt;xml-fragment/></con:setting></con:settings><con:encoding>UTF-8</con:encoding><con:endpoint>http://webservices.oorsprong.org/websamples.countryinfo/CountryInfoService.wso</con:endpoint><con:request><![CDATA[<soapenv:Envelope xmlns:soapenv="http://schemas.xmlsoap.org/soap/envelope/" xmlns:web="http://www.oorsprong.org/websamples.countryinfo">\r
   <soapenv:Header/>\r
   <soapenv:Body>\r
      <web:ListOfCountryNamesByCode/>\r
   </soapenv:Body>\r
</soapenv:Envelope>]]></con:request><con:credentials><con:authType>No Authorization</con:authType></con:credentials><con:jmsConfig JMSDeliveryMode="PERSISTENT"/><con:jmsPropertyConfig/><con:wsaConfig mustUnderstand="NONE" version="200508" action="http://www.oorsprong.org/websamples.countryinfo/CountryInfoServiceSoapType/ListOfCountryNamesByCodeRequest"/><con:wsrmConfig version="1.2"/></con:call></con:operation><con:operation id="7292fea0-8f66-4849-8da0-f8a7c197cba4" isOneWay="false" action="" name="ListOfCountryNamesByName" bindingOperationName="ListOfCountryNamesByName" type="Request-Response" inputName="" receivesAttachments="false" sendsAttachments="false" anonymous="optional"><con:settings/><con:call id="525146cc-814a-4291-9812-538977e9e7d3" name="Request 1"><con:settings/><con:encoding>UTF-8</con:encoding><con:endpoint>http://webservices.oorsprong.org/websamples.countryinfo/CountryInfoService.wso</con:endpoint><con:request><![CDATA[<soapenv:Envelope xmlns:soapenv="http://schemas.xmlsoap.org/soap/envelope/" xmlns:web="http://www.oorsprong.org/websamples.countryinfo">\r
   <soapenv:Header/>\r
   <soapenv:Body>\r
      <web:ListOfCountryNamesByName/>\r
   </soapenv:Body>\r
</soapenv:Envelope>]]></con:request><con:wsaConfig mustUnderstand="NONE" version="200508" action="http://www.oorsprong.org/websamples.countryinfo/CountryInfoServiceSoapType/ListOfCountryNamesByNameRequest"/></con:call></con:operation><con:operation id="c2bb3248-18d6-45c8-b102-023a517b05c4" isOneWay="false" action="" name="ListOfCountryNamesGroupedByContinent" bindingOperationName="ListOfCountryNamesGroupedByContinent" type="Request-Response" inputName="" receivesAttachments="false" sendsAttachments="false" anonymous="optional"><con:settings/><con:call id="0f2caaca-d401-490b-8843-e24825d83f49" name="Request 1"><con:settings/><con:encoding>UTF-8</con:encoding><con:endpoint>http://webservices.oorsprong.org/websamples.countryinfo/CountryInfoService.wso</con:endpoint><con:request><![CDATA[<soapenv:Envelope xmlns:soapenv="http://schemas.xmlsoap.org/soap/envelope/" xmlns:web="http://www.oorsprong.org/websamples.countryinfo">\r
   <soapenv:Header/>\r
   <soapenv:Body>\r
      <web:ListOfCountryNamesGroupedByContinent/>\r
   </soapenv:Body>\r
</soapenv:Envelope>]]></con:request><con:wsaConfig mustUnderstand="NONE" version="200508" action="http://www.oorsprong.org/websamples.countryinfo/CountryInfoServiceSoapType/ListOfCountryNamesGroupedByContinentRequest"/></con:call></con:operation><con:operation id="96ab5ecd-a84f-40d8-b7f1-92c68e39ac27" isOneWay="false" action="" name="ListOfCurrenciesByCode" bindingOperationName="ListOfCurrenciesByCode" type="Request-Response" inputName="" receivesAttachments="false" sendsAttachments="false" anonymous="optional"><con:settings/><con:call id="d311a62e-ccda-4bc2-9de5-8656ff9ec55b" name="Request 1"><con:settings/><con:encoding>UTF-8</con:encoding><con:endpoint>http://webservices.oorsprong.org/websamples.countryinfo/CountryInfoService.wso</con:endpoint><con:request><![CDATA[<soapenv:Envelope xmlns:soapenv="http://schemas.xmlsoap.org/soap/envelope/" xmlns:web="http://www.oorsprong.org/websamples.countryinfo">\r
   <soapenv:Header/>\r
   <soapenv:Body>\r
      <web:ListOfCurrenciesByCode/>\r
   </soapenv:Body>\r
</soapenv:Envelope>]]></con:request><con:wsaConfig mustUnderstand="NONE" version="200508" action="http://www.oorsprong.org/websamples.countryinfo/CountryInfoServiceSoapType/ListOfCurrenciesByCodeRequest"/></con:call></con:operation><con:operation id="844f1178-5d67-49c4-8cc1-148ae11c0b66" isOneWay="false" action="" name="ListOfCurrenciesByName" bindingOperationName="ListOfCurrenciesByName" type="Request-Response" inputName="" receivesAttachments="false" sendsAttachments="false" anonymous="optional"><con:settings/><con:call id="37fec60e-ae71-496f-8bed-257edd72b145" name="Request 1"><con:settings/><con:encoding>UTF-8</con:encoding><con:endpoint>http://webservices.oorsprong.org/websamples.countryinfo/CountryInfoService.wso</con:endpoint><con:request><![CDATA[<soapenv:Envelope xmlns:soapenv="http://schemas.xmlsoap.org/soap/envelope/" xmlns:web="http://www.oorsprong.org/websamples.countryinfo">\r
   <soapenv:Header/>\r
   <soapenv:Body>\r
      <web:ListOfCurrenciesByName/>\r
   </soapenv:Body>\r
</soapenv:Envelope>]]></con:request><con:wsaConfig mustUnderstand="NONE" version="200508" action="http://www.oorsprong.org/websamples.countryinfo/CountryInfoServiceSoapType/ListOfCurrenciesByNameRequest"/></con:call></con:operation><con:operation id="4cabf95f-40c4-420e-ab25-42d10fef35e7" isOneWay="false" action="" name="ListOfLanguagesByCode" bindingOperationName="ListOfLanguagesByCode" type="Request-Response" inputName="" receivesAttachments="false" sendsAttachments="false" anonymous="optional"><con:settings/><con:call id="6800c912-8190-4745-9a0a-a1d7e5d4862b" name="Request 1"><con:settings/><con:encoding>UTF-8</con:encoding><con:endpoint>http://webservices.oorsprong.org/websamples.countryinfo/CountryInfoService.wso</con:endpoint><con:request><![CDATA[<soapenv:Envelope xmlns:soapenv="http://schemas.xmlsoap.org/soap/envelope/" xmlns:web="http://www.oorsprong.org/websamples.countryinfo">\r
   <soapenv:Header/>\r
   <soapenv:Body>\r
      <web:ListOfLanguagesByCode/>\r
   </soapenv:Body>\r
</soapenv:Envelope>]]></con:request><con:wsaConfig mustUnderstand="NONE" version="200508" action="http://www.oorsprong.org/websamples.countryinfo/CountryInfoServiceSoapType/ListOfLanguagesByCodeRequest"/></con:call></con:operation><con:operation id="09ab2ce4-d5f5-470b-9c94-21d6cab940bc" isOneWay="false" action="" name="ListOfLanguagesByName" bindingOperationName="ListOfLanguagesByName" type="Request-Response" inputName="" receivesAttachments="false" sendsAttachments="false" anonymous="optional"><con:settings/><con:call id="cf6a637b-d424-4fd9-8aac-91cd838e741e" name="Request 1"><con:settings/><con:encoding>UTF-8</con:encoding><con:endpoint>http://webservices.oorsprong.org/websamples.countryinfo/CountryInfoService.wso</con:endpoint><con:request><![CDATA[<soapenv:Envelope xmlns:soapenv="http://schemas.xmlsoap.org/soap/envelope/" xmlns:web="http://www.oorsprong.org/websamples.countryinfo">\r
   <soapenv:Header/>\r
   <soapenv:Body>\r
      <web:ListOfLanguagesByName/>\r
   </soapenv:Body>\r
</soapenv:Envelope>]]></con:request><con:wsaConfig mustUnderstand="NONE" version="200508" action="http://www.oorsprong.org/websamples.countryinfo/CountryInfoServiceSoapType/ListOfLanguagesByNameRequest"/></con:call></con:operation></con:interface><con:testSuite id="6c858acc-5c4f-4396-a37d-3fa1ec3db7a7" name="TestSuite1"><con:settings/><con:runType>SEQUENTIAL</con:runType><con:testCase id="5db349e6-da74-49a6-b8de-070d036aae6a" failOnError="true" failTestCaseOnErrors="true" keepSession="false" maxResults="0" name="CapitalCity TestCase" searchProperties="true"><con:settings/><con:testStep type="request" id="f3f2ed42-c8a6-4156-a9d1-0f2479c6a030" name="CapitalCity"><con:settings/><con:config xsi:type="con:RequestStep" xmlns:xsi="http://www.w3.org/2001/XMLSchema-instance"><con:interface>CountryInfoServiceSoapBinding</con:interface><con:operation>CapitalCity</con:operation><con:request name="CapitalCity" id="4764327a-f4b9-4782-8c1f-65c35baae2c5"><con:settings><con:setting id="com.eviware.soapui.impl.wsdl.WsdlRequest@request-headers">&lt;xml-fragment/></con:setting></con:settings><con:encoding>UTF-8</con:encoding><con:endpoint>http://webservices.oorsprong.org/websamples.countryinfo/CountryInfoService.wso</con:endpoint><con:request><![CDATA[<soapenv:Envelope xmlns:soapenv="http://schemas.xmlsoap.org/soap/envelope/" xmlns:web="http://www.oorsprong.org/websamples.countryinfo">\r
   <soapenv:Header/>\r
   <soapenv:Body>\r
      <web:CapitalCity>\r
         <web:sCountryISOCode>CO</web:sCountryISOCode>\r
      </web:CapitalCity>\r
   </soapenv:Body>\r
</soapenv:Envelope>]]></con:request><con:assertion type="Simple Contains" id="8098c85a-fa67-4f97-b168-fff8534a410c" name="Contains"><con:configuration><token>Bogota</token><ignoreCase>false</ignoreCase><useRegEx>false</useRegEx></con:configuration></con:assertion><con:credentials><con:authType>No Authorization</con:authType></con:credentials><con:jmsConfig JMSDeliveryMode="PERSISTENT"/><con:jmsPropertyConfig/><con:wsaConfig action="http://www.oorsprong.org/websamples.countryinfo/CountryInfoServiceSoapType/CapitalCityRequest" mustUnderstand="NONE" version="200508"/><con:wsrmConfig version="1.2"/></con:request></con:config></con:testStep><con:properties/></con:testCase><con:testCase id="24d7c603-a9b3-44d2-b49c-390e54d4e469" failOnError="true" failTestCaseOnErrors="true" keepSession="false" maxResults="0" name="CountriesUsingCurrency TestCase" searchProperties="true"><con:settings/><con:testStep type="request" id="ba3e0e35-a65c-49c6-8e1f-4ffa78a6b82e" name="CountriesUsingCurrency"><con:settings/><con:config xsi:type="con:RequestStep" xmlns:xsi="http://www.w3.org/2001/XMLSchema-instance"><con:interface>CountryInfoServiceSoapBinding</con:interface><con:operation>CountriesUsingCurrency</con:operation><con:request name="CountriesUsingCurrency" id="83d35545-4166-43ab-825c-e4822328e027"><con:settings/><con:encoding>UTF-8</con:encoding><con:endpoint>http://webservices.oorsprong.org/websamples.countryinfo/CountryInfoService.wso</con:endpoint><con:request><![CDATA[<soapenv:Envelope xmlns:soapenv="http://schemas.xmlsoap.org/soap/envelope/" xmlns:web="http://www.oorsprong.org/websamples.countryinfo">\r
   <soapenv:Header/>\r
   <soapenv:Body>\r
      <web:CountriesUsingCurrency>\r
         <web:sISOCurrencyCode>?</web:sISOCurrencyCode>\r
      </web:CountriesUsingCurrency>\r
   </soapenv:Body>\r
</soapenv:Envelope>]]></con:request><con:credentials><con:authType>No Authorization</con:authType></con:credentials><con:jmsConfig JMSDeliveryMode="PERSISTENT"/><con:jmsPropertyConfig/><con:wsaConfig action="http://www.oorsprong.org/websamples.countryinfo/CountryInfoServiceSoapType/CountriesUsingCurrencyRequest" mustUnderstand="NONE" version="200508"/><con:wsrmConfig version="1.2"/></con:request></con:config></con:testStep><con:properties/></con:testCase><con:testCase id="7f286ba7-e0db-42d1-ab75-0cfce2175f60" failOnError="true" failTestCaseOnErrors="true" keepSession="false" maxResults="0" name="CountryCurrency TestCase" searchProperties="true"><con:settings/><con:testStep type="request" id="a6821046-5865-49eb-85b3-b77e9654573e" name="CountryCurrency"><con:settings/><con:config xsi:type="con:RequestStep" xmlns:xsi="http://www.w3.org/2001/XMLSchema-instance"><con:interface>CountryInfoServiceSoapBinding</con:interface><con:operation>CountryCurrency</con:operation><con:request name="CountryCurrency" id="f637403e-b096-4bd6-b34f-fda8b882ef57"><con:settings/><con:encoding>UTF-8</con:encoding><con:endpoint>http://webservices.oorsprong.org/websamples.countryinfo/CountryInfoService.wso</con:endpoint><con:request><![CDATA[<soapenv:Envelope xmlns:soapenv="http://schemas.xmlsoap.org/soap/envelope/" xmlns:web="http://www.oorsprong.org/websamples.countryinfo">\r
   <soapenv:Header/>\r
   <soapenv:Body>\r
      <web:CountryCurrency>\r
         <web:sCountryISOCode>?</web:sCountryISOCode>\r
      </web:CountryCurrency>\r
   </soapenv:Body>\r
</soapenv:Envelope>]]></con:request><con:credentials><con:authType>No Authorization</con:authType></con:credentials><con:wsaConfig action="http://www.oorsprong.org/websamples.countryinfo/CountryInfoServiceSoapType/CountryCurrencyRequest"/></con:request></con:config></con:testStep><con:properties/></con:testCase><con:testCase id="02a58ec6-84ea-48a5-ba61-a53ce021c279" failOnError="true" failTestCaseOnErrors="true" keepSession="false" maxResults="0" name="CountryFlag TestCase" searchProperties="true"><con:settings/><con:testStep type="request" id="6c24678e-d177-4a23-9d8a-9c51d1ee9b57" name="CountryFlag"><con:settings/><con:config xsi:type="con:RequestStep" xmlns:xsi="http://www.w3.org/2001/XMLSchema-instance"><con:interface>CountryInfoServiceSoapBinding</con:interface><con:operation>CountryFlag</con:operation><con:request name="CountryFlag" id="fbb2eaf9-fb5c-434f-a5b6-e5da96132807"><con:settings/><con:encoding>UTF-8</con:encoding><con:endpoint>http://webservices.oorsprong.org/websamples.countryinfo/CountryInfoService.wso</con:endpoint><con:request><![CDATA[<soapenv:Envelope xmlns:soapenv="http://schemas.xmlsoap.org/soap/envelope/" xmlns:web="http://www.oorsprong.org/websamples.countryinfo">\r
   <soapenv:Header/>\r
   <soapenv:Body>\r
      <web:CountryFlag>\r
         <web:sCountryISOCode>?</web:sCountryISOCode>\r
      </web:CountryFlag>\r
   </soapenv:Body>\r
</soapenv:Envelope>]]></con:request><con:credentials><con:authType>No Authorization</con:authType></con:credentials><con:wsaConfig action="http://www.oorsprong.org/websamples.countryinfo/CountryInfoServiceSoapType/CountryFlagRequest"/></con:request></con:config></con:testStep><con:properties/></con:testCase><con:testCase id="e24d879d-8827-4644-884b-de569ab67c07" failOnError="true" failTestCaseOnErrors="true" keepSession="false" maxResults="0" name="CountryIntPhoneCode TestCase" searchProperties="true"><con:settings/><con:testStep type="request" id="62fe6916-3d7c-46f7-b6e3-33f9c5bf930f" name="CountryIntPhoneCode"><con:settings/><con:config xsi:type="con:RequestStep" xmlns:xsi="http://www.w3.org/2001/XMLSchema-instance"><con:interface>CountryInfoServiceSoapBinding</con:interface><con:operation>CountryIntPhoneCode</con:operation><con:request name="CountryIntPhoneCode" id="46aca866-9ce4-43a1-9e65-913743b8af37"><con:settings/><con:encoding>UTF-8</con:encoding><con:endpoint>http://webservices.oorsprong.org/websamples.countryinfo/CountryInfoService.wso</con:endpoint><con:request><![CDATA[<soapenv:Envelope xmlns:soapenv="http://schemas.xmlsoap.org/soap/envelope/" xmlns:web="http://www.oorsprong.org/websamples.countryinfo">\r
   <soapenv:Header/>\r
   <soapenv:Body>\r
      <web:CountryIntPhoneCode>\r
         <web:sCountryISOCode>?</web:sCountryISOCode>\r
      </web:CountryIntPhoneCode>\r
   </soapenv:Body>\r
</soapenv:Envelope>]]></con:request><con:credentials><con:authType>No Authorization</con:authType></con:credentials><con:wsaConfig action="http://www.oorsprong.org/websamples.countryinfo/CountryInfoServiceSoapType/CountryIntPhoneCodeRequest"/></con:request></con:config></con:testStep><con:properties/></con:testCase><con:testCase id="6e17bbe2-b18e-47cf-8c9b-45c6f3bf93e8" failOnError="true" failTestCaseOnErrors="true" keepSession="false" maxResults="0" name="CountryISOCode TestCase" searchProperties="true"><con:settings/><con:testStep type="request" id="a2a44d4d-f0d3-425a-a75d-e834f6928b3f" name="CountryISOCode"><con:settings/><con:config xsi:type="con:RequestStep" xmlns:xsi="http://www.w3.org/2001/XMLSchema-instance"><con:interface>CountryInfoServiceSoapBinding</con:interface><con:operation>CountryISOCode</con:operation><con:request name="CountryISOCode" id="b82e3bb6-cafe-42cc-a499-f615f9d69bdf"><con:settings/><con:encoding>UTF-8</con:encoding><con:endpoint>http://webservices.oorsprong.org/websamples.countryinfo/CountryInfoService.wso</con:endpoint><con:request><![CDATA[<soapenv:Envelope xmlns:soapenv="http://schemas.xmlsoap.org/soap/envelope/" xmlns:web="http://www.oorsprong.org/websamples.countryinfo">\r
   <soapenv:Header/>\r
   <soapenv:Body>\r
      <web:CountryISOCode>\r
         <web:sCountryName>?</web:sCountryName>\r
      </web:CountryISOCode>\r
   </soapenv:Body>\r
</soapenv:Envelope>]]></con:request><con:credentials><con:authType>No Authorization</con:authType></con:credentials><con:wsaConfig action="http://www.oorsprong.org/websamples.countryinfo/CountryInfoServiceSoapType/CountryISOCodeRequest"/></con:request></con:config></con:testStep><con:properties/></con:testCase><con:testCase id="d781e9ec-6bee-46e2-8a49-f6a52c3469eb" failOnError="true" failTestCaseOnErrors="true" keepSession="false" maxResults="0" name="CountryName TestCase" searchProperties="true"><con:settings/><con:testStep type="request" id="aed13e6e-8ecb-438b-8d2e-64fa7377019f" name="CountryName"><con:settings/><con:config xsi:type="con:RequestStep" xmlns:xsi="http://www.w3.org/2001/XMLSchema-instance"><con:interface>CountryInfoServiceSoapBinding</con:interface><con:operation>CountryName</con:operation><con:request name="CountryName" id="5df704f6-253c-490e-bea1-8a8e47a53343"><con:settings/><con:encoding>UTF-8</con:encoding><con:endpoint>http://webservices.oorsprong.org/websamples.countryinfo/CountryInfoService.wso</con:endpoint><con:request><![CDATA[<soapenv:Envelope xmlns:soapenv="http://schemas.xmlsoap.org/soap/envelope/" xmlns:web="http://www.oorsprong.org/websamples.countryinfo">\r
   <soapenv:Header/>\r
   <soapenv:Body>\r
      <web:CountryName>\r
         <web:sCountryISOCode>?</web:sCountryISOCode>\r
      </web:CountryName>\r
   </soapenv:Body>\r
</soapenv:Envelope>]]></con:request><con:credentials><con:authType>No Authorization</con:authType></con:credentials><con:wsaConfig action="http://www.oorsprong.org/websamples.countryinfo/CountryInfoServiceSoapType/CountryNameRequest"/></con:request></con:config></con:testStep><con:properties/></con:testCase><con:testCase id="cc5c39ff-bac8-4db5-a791-092e8279727d" failOnError="true" failTestCaseOnErrors="true" keepSession="false" maxResults="0" name="CurrencyName TestCase" searchProperties="true"><con:settings/><con:testStep type="request" id="65c57019-9a70-4107-a464-ecf6bbd9f750" name="CurrencyName"><con:settings/><con:config xsi:type="con:RequestStep" xmlns:xsi="http://www.w3.org/2001/XMLSchema-instance"><con:interface>CountryInfoServiceSoapBinding</con:interface><con:operation>CurrencyName</con:operation><con:request name="CurrencyName" id="5705c83e-1471-4ff3-a993-88c0302eb6ab"><con:settings/><con:encoding>UTF-8</con:encoding><con:endpoint>http://webservices.oorsprong.org/websamples.countryinfo/CountryInfoService.wso</con:endpoint><con:request><![CDATA[<soapenv:Envelope xmlns:soapenv="http://schemas.xmlsoap.org/soap/envelope/" xmlns:web="http://www.oorsprong.org/websamples.countryinfo">\r
   <soapenv:Header/>\r
   <soapenv:Body>\r
      <web:CurrencyName>\r
         <web:sCurrencyISOCode>?</web:sCurrencyISOCode>\r
      </web:CurrencyName>\r
   </soapenv:Body>\r
</soapenv:Envelope>]]></con:request><con:credentials><con:authType>No Authorization</con:authType></con:credentials><con:wsaConfig action="http://www.oorsprong.org/websamples.countryinfo/CountryInfoServiceSoapType/CurrencyNameRequest"/></con:request></con:config></con:testStep><con:properties/></con:testCase><con:testCase id="d9525721-5f4d-4318-b5ac-1721c6736c71" failOnError="true" failTestCaseOnErrors="true" keepSession="false" maxResults="0" name="FullCountryInfo TestCase" searchProperties="true"><con:settings/><con:testStep type="request" id="55974ba2-aea0-4174-b65e-05591cd508d6" name="FullCountryInfo"><con:settings/><con:config xsi:type="con:RequestStep" xmlns:xsi="http://www.w3.org/2001/XMLSchema-instance"><con:interface>CountryInfoServiceSoapBinding</con:interface><con:operation>FullCountryInfo</con:operation><con:request name="FullCountryInfo" id="342d6e7e-8525-4edc-8dcf-7c0aac441cd9"><con:settings/><con:encoding>UTF-8</con:encoding><con:endpoint>http://webservices.oorsprong.org/websamples.countryinfo/CountryInfoService.wso</con:endpoint><con:request><![CDATA[<soapenv:Envelope xmlns:soapenv="http://schemas.xmlsoap.org/soap/envelope/" xmlns:web="http://www.oorsprong.org/websamples.countryinfo">\r
   <soapenv:Header/>\r
   <soapenv:Body>\r
      <web:FullCountryInfo>\r
         <web:sCountryISOCode>?</web:sCountryISOCode>\r
      </web:FullCountryInfo>\r
   </soapenv:Body>\r
</soapenv:Envelope>]]></con:request><con:credentials><con:authType>No Authorization</con:authType></con:credentials><con:wsaConfig action="http://www.oorsprong.org/websamples.countryinfo/CountryInfoServiceSoapType/FullCountryInfoRequest"/></con:request></con:config></con:testStep><con:properties/></con:testCase><con:testCase id="6361a5eb-134d-40fe-b8f2-8ec78512b184" failOnError="true" failTestCaseOnErrors="true" keepSession="false" maxResults="0" name="FullCountryInfoAllCountries TestCase" searchProperties="true"><con:settings/><con:testStep type="request" id="c0ad7e8a-7252-42b4-ae7b-5fec6864dc6d" name="FullCountryInfoAllCountries"><con:settings/><con:config xsi:type="con:RequestStep" xmlns:xsi="http://www.w3.org/2001/XMLSchema-instance"><con:interface>CountryInfoServiceSoapBinding</con:interface><con:operation>FullCountryInfoAllCountries</con:operation><con:request name="FullCountryInfoAllCountries" id="73f7183e-4f25-40e1-b436-cb28ee129f2a"><con:settings/><con:encoding>UTF-8</con:encoding><con:endpoint>http://webservices.oorsprong.org/websamples.countryinfo/CountryInfoService.wso</con:endpoint><con:request><![CDATA[<soapenv:Envelope xmlns:soapenv="http://schemas.xmlsoap.org/soap/envelope/" xmlns:web="http://www.oorsprong.org/websamples.countryinfo">\r
   <soapenv:Header/>\r
   <soapenv:Body>\r
      <web:FullCountryInfoAllCountries/>\r
   </soapenv:Body>\r
</soapenv:Envelope>]]></con:request><con:credentials><con:authType>No Authorization</con:authType></con:credentials><con:wsaConfig action="http://www.oorsprong.org/websamples.countryinfo/CountryInfoServiceSoapType/FullCountryInfoAllCountriesRequest"/></con:request></con:config></con:testStep><con:properties/></con:testCase><con:testCase id="df4d624c-dc68-4955-aaac-047ad2a26e16" failOnError="true" failTestCaseOnErrors="true" keepSession="false" maxResults="0" name="LanguageISOCode TestCase" searchProperties="true"><con:settings/><con:testStep type="request" id="a59dbaad-55d2-47bd-9b3c-f1e8539c6e7d" name="LanguageISOCode"><con:settings/><con:config xsi:type="con:RequestStep" xmlns:xsi="http://www.w3.org/2001/XMLSchema-instance"><con:interface>CountryInfoServiceSoapBinding</con:interface><con:operation>LanguageISOCode</con:operation><con:request name="LanguageISOCode" id="25980678-e2f3-41af-b6a9-41d5d1f37a03"><con:settings/><con:encoding>UTF-8</con:encoding><con:endpoint>http://webservices.oorsprong.org/websamples.countryinfo/CountryInfoService.wso</con:endpoint><con:request><![CDATA[<soapenv:Envelope xmlns:soapenv="http://schemas.xmlsoap.org/soap/envelope/" xmlns:web="http://www.oorsprong.org/websamples.countryinfo">\r
   <soapenv:Header/>\r
   <soapenv:Body>\r
      <web:LanguageISOCode>\r
         <web:sLanguageName>?</web:sLanguageName>\r
      </web:LanguageISOCode>\r
   </soapenv:Body>\r
</soapenv:Envelope>]]></con:request><con:credentials><con:authType>No Authorization</con:authType></con:credentials><con:wsaConfig action="http://www.oorsprong.org/websamples.countryinfo/CountryInfoServiceSoapType/LanguageISOCodeRequest"/></con:request></con:config></con:testStep><con:properties/></con:testCase><con:testCase id="21853cef-d246-4f03-9ada-1e452fd6edb8" failOnError="true" failTestCaseOnErrors="true" keepSession="false" maxResults="0" name="LanguageName TestCase" searchProperties="true"><con:settings/><con:testStep type="request" id="39bc7f54-70f6-4160-b9e0-a8bbc9311a1e" name="LanguageName"><con:settings/><con:config xsi:type="con:RequestStep" xmlns:xsi="http://www.w3.org/2001/XMLSchema-instance"><con:interface>CountryInfoServiceSoapBinding</con:interface><con:operation>LanguageName</con:operation><con:request name="LanguageName" id="f7be6f88-e075-4801-a7d0-ca98a707234e"><con:settings/><con:encoding>UTF-8</con:encoding><con:endpoint>http://webservices.oorsprong.org/websamples.countryinfo/CountryInfoService.wso</con:endpoint><con:request><![CDATA[<soapenv:Envelope xmlns:soapenv="http://schemas.xmlsoap.org/soap/envelope/" xmlns:web="http://www.oorsprong.org/websamples.countryinfo">\r
   <soapenv:Header/>\r
   <soapenv:Body>\r
      <web:LanguageName>\r
         <web:sISOCode>?</web:sISOCode>\r
      </web:LanguageName>\r
   </soapenv:Body>\r
</soapenv:Envelope>]]></con:request><con:credentials><con:authType>No Authorization</con:authType></con:credentials><con:wsaConfig action="http://www.oorsprong.org/websamples.countryinfo/CountryInfoServiceSoapType/LanguageNameRequest"/></con:request></con:config></con:testStep><con:properties/></con:testCase><con:testCase id="208e57d7-2241-41c6-ac08-6a2f847557d8" failOnError="true" failTestCaseOnErrors="true" keepSession="false" maxResults="0" name="ListOfContinentsByCode TestCase" searchProperties="true"><con:settings/><con:testStep type="request" id="ac6bb8eb-1204-457b-8b1b-081c6fbc2fb3" name="ListOfContinentsByCode"><con:settings/><con:config xsi:type="con:RequestStep" xmlns:xsi="http://www.w3.org/2001/XMLSchema-instance"><con:interface>CountryInfoServiceSoapBinding</con:interface><con:operation>ListOfContinentsByCode</con:operation><con:request name="ListOfContinentsByCode" id="accccb61-75f6-4cf9-94dd-aaa019b0805a"><con:settings/><con:encoding>UTF-8</con:encoding><con:endpoint>http://webservices.oorsprong.org/websamples.countryinfo/CountryInfoService.wso</con:endpoint><con:request><![CDATA[<soapenv:Envelope xmlns:soapenv="http://schemas.xmlsoap.org/soap/envelope/" xmlns:web="http://www.oorsprong.org/websamples.countryinfo">\r
   <soapenv:Header/>\r
   <soapenv:Body>\r
      <web:ListOfContinentsByCode/>\r
   </soapenv:Body>\r
</soapenv:Envelope>]]></con:request><con:credentials><con:authType>No Authorization</con:authType></con:credentials><con:wsaConfig action="http://www.oorsprong.org/websamples.countryinfo/CountryInfoServiceSoapType/ListOfContinentsByCodeRequest"/></con:request></con:config></con:testStep><con:properties/></con:testCase><con:testCase id="c738c12c-7709-4c8e-9c1a-b206f99f1ac5" failOnError="true" failTestCaseOnErrors="true" keepSession="false" maxResults="0" name="ListOfContinentsByName TestCase" searchProperties="true"><con:settings/><con:testStep type="request" id="a2283703-21bd-4f54-9dd4-4efd59b3e15d" name="ListOfContinentsByName"><con:settings/><con:config xsi:type="con:RequestStep" xmlns:xsi="http://www.w3.org/2001/XMLSchema-instance"><con:interface>CountryInfoServiceSoapBinding</con:interface><con:operation>ListOfContinentsByName</con:operation><con:request name="ListOfContinentsByName" id="4d96614e-0259-4fa0-a1a1-dfffda4505be"><con:settings/><con:encoding>UTF-8</con:encoding><con:endpoint>http://webservices.oorsprong.org/websamples.countryinfo/CountryInfoService.wso</con:endpoint><con:request><![CDATA[<soapenv:Envelope xmlns:soapenv="http://schemas.xmlsoap.org/soap/envelope/" xmlns:web="http://www.oorsprong.org/websamples.countryinfo">\r
   <soapenv:Header/>\r
   <soapenv:Body>\r
      <web:ListOfContinentsByName/>\r
   </soapenv:Body>\r
</soapenv:Envelope>]]></con:request><con:credentials><con:authType>No Authorization</con:authType></con:credentials><con:wsaConfig action="http://www.oorsprong.org/websamples.countryinfo/CountryInfoServiceSoapType/ListOfContinentsByNameRequest"/></con:request></con:config></con:testStep><con:properties/></con:testCase><con:testCase id="f06b1c1e-bcd8-4c73-b206-dad8ee05d314" failOnError="true" failTestCaseOnErrors="true" keepSession="false" maxResults="0" name="ListOfCountryNamesByCode TestCase" searchProperties="true"><con:settings/><con:testStep type="request" id="472e2bd9-e3da-47f5-aefb-edc3e646c238" name="ListOfCountryNamesByCode"><con:settings/><con:config xsi:type="con:RequestStep" xmlns:xsi="http://www.w3.org/2001/XMLSchema-instance"><con:interface>CountryInfoServiceSoapBinding</con:interface><con:operation>ListOfCountryNamesByCode</con:operation><con:request name="ListOfCountryNamesByCode" id="20ae48f3-9843-4ee8-853e-0ded5bf52ac5"><con:settings/><con:encoding>UTF-8</con:encoding><con:endpoint>http://webservices.oorsprong.org/websamples.countryinfo/CountryInfoService.wso</con:endpoint><con:request><![CDATA[<soapenv:Envelope xmlns:soapenv="http://schemas.xmlsoap.org/soap/envelope/" xmlns:web="http://www.oorsprong.org/websamples.countryinfo">\r
   <soapenv:Header/>\r
   <soapenv:Body>\r
      <web:ListOfCountryNamesByCode/>\r
   </soapenv:Body>\r
</soapenv:Envelope>]]></con:request><con:credentials><con:authType>No Authorization</con:authType></con:credentials><con:wsaConfig action="http://www.oorsprong.org/websamples.countryinfo/CountryInfoServiceSoapType/ListOfCountryNamesByCodeRequest"/></con:request></con:config></con:testStep><con:properties/></con:testCase><con:testCase id="debec7ce-5dad-48fa-bf24-bee225a6b112" failOnError="true" failTestCaseOnErrors="true" keepSession="false" maxResults="0" name="ListOfCountryNamesByName TestCase" searchProperties="true"><con:settings/><con:testStep type="request" id="74bb3852-c628-448b-83bd-4d62c03d7fa7" name="ListOfCountryNamesByName"><con:settings/><con:config xsi:type="con:RequestStep" xmlns:xsi="http://www.w3.org/2001/XMLSchema-instance"><con:interface>CountryInfoServiceSoapBinding</con:interface><con:operation>ListOfCountryNamesByName</con:operation><con:request name="ListOfCountryNamesByName" id="c2dc689a-bfc9-442c-bca3-2db684dad5de"><con:settings/><con:encoding>UTF-8</con:encoding><con:endpoint>http://webservices.oorsprong.org/websamples.countryinfo/CountryInfoService.wso</con:endpoint><con:request><![CDATA[<soapenv:Envelope xmlns:soapenv="http://schemas.xmlsoap.org/soap/envelope/" xmlns:web="http://www.oorsprong.org/websamples.countryinfo">\r
   <soapenv:Header/>\r
   <soapenv:Body>\r
      <web:ListOfCountryNamesByName/>\r
   </soapenv:Body>\r
</soapenv:Envelope>]]></con:request><con:credentials><con:authType>No Authorization</con:authType></con:credentials><con:wsaConfig action="http://www.oorsprong.org/websamples.countryinfo/CountryInfoServiceSoapType/ListOfCountryNamesByNameRequest"/></con:request></con:config></con:testStep><con:properties/></con:testCase><con:testCase id="d83c5b10-d956-4dab-9125-ed6c7e05f48d" failOnError="true" failTestCaseOnErrors="true" keepSession="false" maxResults="0" name="ListOfCountryNamesGroupedByContinent TestCase" searchProperties="true"><con:settings/><con:testStep type="request" id="8e996d09-ab86-4457-b6bb-c9d6147ebf3e" name="ListOfCountryNamesGroupedByContinent"><con:settings/><con:config xsi:type="con:RequestStep" xmlns:xsi="http://www.w3.org/2001/XMLSchema-instance"><con:interface>CountryInfoServiceSoapBinding</con:interface><con:operation>ListOfCountryNamesGroupedByContinent</con:operation><con:request name="ListOfCountryNamesGroupedByContinent" id="8def165b-57cd-4b2d-b6b6-e89c62e04ab7"><con:settings/><con:encoding>UTF-8</con:encoding><con:endpoint>http://webservices.oorsprong.org/websamples.countryinfo/CountryInfoService.wso</con:endpoint><con:request><![CDATA[<soapenv:Envelope xmlns:soapenv="http://schemas.xmlsoap.org/soap/envelope/" xmlns:web="http://www.oorsprong.org/websamples.countryinfo">\r
   <soapenv:Header/>\r
   <soapenv:Body>\r
      <web:ListOfCountryNamesGroupedByContinent/>\r
   </soapenv:Body>\r
</soapenv:Envelope>]]></con:request><con:credentials><con:authType>No Authorization</con:authType></con:credentials><con:wsaConfig action="http://www.oorsprong.org/websamples.countryinfo/CountryInfoServiceSoapType/ListOfCountryNamesGroupedByContinentRequest"/></con:request></con:config></con:testStep><con:properties/></con:testCase><con:testCase id="4ace2bb7-8bfc-4f56-91bf-d90711a6b235" failOnError="true" failTestCaseOnErrors="true" keepSession="false" maxResults="0" name="ListOfCurrenciesByCode TestCase" searchProperties="true"><con:settings/><con:testStep type="request" id="b543f53c-5824-4d8a-9f1f-e5b91a3e3d65" name="ListOfCurrenciesByCode"><con:settings/><con:config xsi:type="con:RequestStep" xmlns:xsi="http://www.w3.org/2001/XMLSchema-instance"><con:interface>CountryInfoServiceSoapBinding</con:interface><con:operation>ListOfCurrenciesByCode</con:operation><con:request name="ListOfCurrenciesByCode" id="3e5c3da3-6c44-4496-90e4-8cb37a633ad4"><con:settings/><con:encoding>UTF-8</con:encoding><con:endpoint>http://webservices.oorsprong.org/websamples.countryinfo/CountryInfoService.wso</con:endpoint><con:request><![CDATA[<soapenv:Envelope xmlns:soapenv="http://schemas.xmlsoap.org/soap/envelope/" xmlns:web="http://www.oorsprong.org/websamples.countryinfo">\r
   <soapenv:Header/>\r
   <soapenv:Body>\r
      <web:ListOfCurrenciesByCode/>\r
   </soapenv:Body>\r
</soapenv:Envelope>]]></con:request><con:credentials><con:authType>No Authorization</con:authType></con:credentials><con:wsaConfig action="http://www.oorsprong.org/websamples.countryinfo/CountryInfoServiceSoapType/ListOfCurrenciesByCodeRequest"/></con:request></con:config></con:testStep><con:properties/></con:testCase><con:testCase id="33591f71-1722-46f7-9abb-a8988b4afff1" failOnError="true" failTestCaseOnErrors="true" keepSession="false" maxResults="0" name="ListOfCurrenciesByName TestCase" searchProperties="true"><con:settings/><con:testStep type="request" id="d67010bd-5703-4e7e-bb95-73a120c71ad5" name="ListOfCurrenciesByName"><con:settings/><con:config xsi:type="con:RequestStep" xmlns:xsi="http://www.w3.org/2001/XMLSchema-instance"><con:interface>CountryInfoServiceSoapBinding</con:interface><con:operation>ListOfCurrenciesByName</con:operation><con:request name="ListOfCurrenciesByName" id="5f6456a4-b57f-492c-bdf4-f49b53f5fc96"><con:settings/><con:encoding>UTF-8</con:encoding><con:endpoint>http://webservices.oorsprong.org/websamples.countryinfo/CountryInfoService.wso</con:endpoint><con:request><![CDATA[<soapenv:Envelope xmlns:soapenv="http://schemas.xmlsoap.org/soap/envelope/" xmlns:web="http://www.oorsprong.org/websamples.countryinfo">\r
   <soapenv:Header/>\r
   <soapenv:Body>\r
      <web:ListOfCurrenciesByName/>\r
   </soapenv:Body>\r
</soapenv:Envelope>]]></con:request><con:credentials><con:authType>No Authorization</con:authType></con:credentials><con:wsaConfig action="http://www.oorsprong.org/websamples.countryinfo/CountryInfoServiceSoapType/ListOfCurrenciesByNameRequest"/></con:request></con:config></con:testStep><con:properties/></con:testCase><con:testCase id="4da70f3e-2355-44ab-a16c-23ce1b8cf7cd" failOnError="true" failTestCaseOnErrors="true" keepSession="false" maxResults="0" name="ListOfLanguagesByCode TestCase" searchProperties="true"><con:settings/><con:testStep type="request" id="fd3c1370-f766-4181-85cc-e2ce22c1e661" name="ListOfLanguagesByCode"><con:settings/><con:config xsi:type="con:RequestStep" xmlns:xsi="http://www.w3.org/2001/XMLSchema-instance"><con:interface>CountryInfoServiceSoapBinding</con:interface><con:operation>ListOfLanguagesByCode</con:operation><con:request name="ListOfLanguagesByCode" id="6161d49a-a46a-463e-9a9f-751506734856"><con:settings/><con:encoding>UTF-8</con:encoding><con:endpoint>http://webservices.oorsprong.org/websamples.countryinfo/CountryInfoService.wso</con:endpoint><con:request><![CDATA[<soapenv:Envelope xmlns:soapenv="http://schemas.xmlsoap.org/soap/envelope/" xmlns:web="http://www.oorsprong.org/websamples.countryinfo">\r
   <soapenv:Header/>\r
   <soapenv:Body>\r
      <web:ListOfLanguagesByCode/>\r
   </soapenv:Body>\r
</soapenv:Envelope>]]></con:request><con:credentials><con:authType>No Authorization</con:authType></con:credentials><con:wsaConfig action="http://www.oorsprong.org/websamples.countryinfo/CountryInfoServiceSoapType/ListOfLanguagesByCodeRequest"/></con:request></con:config></con:testStep><con:properties/></con:testCase><con:testCase id="54535d8d-3d49-4736-b1c7-1e9c138c72b1" failOnError="true" failTestCaseOnErrors="true" keepSession="false" maxResults="0" name="ListOfLanguagesByName TestCase" searchProperties="true"><con:settings/><con:testStep type="request" id="6fa5229d-d392-455d-a99e-13e160d0d8b4" name="ListOfLanguagesByName"><con:settings/><con:config xsi:type="con:RequestStep" xmlns:xsi="http://www.w3.org/2001/XMLSchema-instance"><con:interface>CountryInfoServiceSoapBinding</con:interface><con:operation>ListOfLanguagesByName</con:operation><con:request name="ListOfLanguagesByName" id="3cfa7f32-ed9b-40c6-ace1-2a988ee3f668"><con:settings/><con:encoding>UTF-8</con:encoding><con:endpoint>http://webservices.oorsprong.org/websamples.countryinfo/CountryInfoService.wso</con:endpoint><con:request><![CDATA[<soapenv:Envelope xmlns:soapenv="http://schemas.xmlsoap.org/soap/envelope/" xmlns:web="http://www.oorsprong.org/websamples.countryinfo">\r
   <soapenv:Header/>\r
   <soapenv:Body>\r
      <web:ListOfLanguagesByName/>\r
   </soapenv:Body>\r
</soapenv:Envelope>]]></con:request><con:credentials><con:authType>No Authorization</con:authType></con:credentials><con:wsaConfig action="http://www.oorsprong.org/websamples.countryinfo/CountryInfoServiceSoapType/ListOfLanguagesByNameRequest"/></con:request></con:config></con:testStep><con:properties/></con:testCase><con:properties/></con:testSuite><con:properties/><con:wssContainer/><con:oAuth2ProfileContainer/><con:oAuth1ProfileContainer/></con:soapui-project>